strategy,nr_events,stream_config.spread,stream_config.offset,bytes,window.size,window.slide,window.offset,nr_windows,thr_mean,thr_median,ns_mean,ns_median,thr_std_dev,mem_total,reserve
rc,5000,1,1,0,5000,5000,0,1,19259692.547789533,19015482.297646962,259895.7624317954,262943.7713120213,659816.984284335,160000,5000
legacy,5000,1,1,0,5000,5000,0,1,750218.7577921904,756282.4693628931,6671825.940419687,6611289.214285715,24406.19645852277,373069195,5000
arc,5000,1,1,0,5000,5000,0,1,14237836.247472549,13945851.719769051,351747.7937099935,358530.6607142857,592281.6275817744,160000,5000
clone,5000,1,1,0,5000,5000,0,1,71090122.41318661,68122853.79504946,71010.93246808801,73397.2695652174,7682504.564479835,0,5000
slice,5000,1,1,0,5000,5000,0,1,91107607.77723838,94557024.64951158,56636.80819326264,52878.22046775898,10954182.190210411,0,5000
rc,5000,1,1,0,5000,5000,0,10,13089419.767511582,13208272.31176467,382623.55561946303,378550.6702380952,494198.00717139605,160000,5000
legacy,5000,1,1,0,5000,5000,0,10,65543.34346414237,64777.61003501082,76330441.6111111,77187619.16666666,1627.7097231422006,3730691950,5000
arc,5000,1,1,0,5000,5000,0,10,13201087.076732337,13318275.62433764,379949.1535660136,375424.06632653065,658206.2836045212,160000,5000
clone,5000,1,1,0,5000,5000,0,10,36140644.9256975,36820345.09551105,140465.49069974176,135794.56671626982,3320361.785568998,0,5000
slice,5000,1,1,0,5000,5000,0,10,36257383.78158902,36894967.415661514,140374.8587014052,135519.83832779792,3500830.5732377507,0,5000
rc,5000,1,1,0,5000,5000,0,11,12764116.852639481,12878154.575020637,392693.9051453704,388254.41033138405,575309.0480635994,160000,5000
legacy,5000,1,1,0,5000,5000,0,11,59330.124189474795,58868.35121359615,84315320.43333334,84935282.5,1351.391688430235,4103761145,5000
arc,5000,1,1,0,5000,5000,0,11,12904004.831137236,12992131.132519126,388082.35684297973,384848.42717236467,471802.48690037936,160000,5000
clone,5000,1,1,0,5000,5000,0,11,33893951.53055889,34565914.53588221,150059.62517118882,144651.17454177322,3247982.6362293423,0,5000
slice,5000,1,1,0,5000,5000,0,11,33682357.0881724,34442899.55765493,151239.24328151694,145167.89105834463,3343191.0731261964,0,5000
rc,5000,1,1,0,5000,5000,0,12,12523848.070188113,12566817.093404684,399960.3169819394,397873.227533284,493139.0428997052,160000,5000
legacy,5000,1,1,0,5000,5000,0,12,54816.55385868802,54790.12582816517,91224221.98333333,91257329.5,611.0012918253964,4476830340,5000
arc,5000,1,1,0,5000,5000,0,12,12615042.569417171,12654559.19343428,397025.81102107256,395114.5136277303,483108.81618886074,160000,5000
clone,5000,1,1,0,5000,5000,0,12,32069876.514731146,32650205.97543726,158179.60448510302,153138.49148995534,2898102.725277852,0,5000
slice,5000,1,1,0,5000,5000,0,12,31972539.270108666,32533715.546919473,159025.95692194623,153686.71951923077,3031064.1096666423,0,5000
rc,5000,1,1,0,5000,5000,0,13,12160751.559294082,12216805.782703405,411735.2353222571,409272.2839414859,423797.88746247196,160000,5000
legacy,5000,1,1,0,5000,5000,0,13,50049.0961377213,49792.17332990188,99932869.41666667,100417397.25,905.8276771060521,4849899535,5000
arc,5000,1,1,0,5000,5000,0,13,12226690.544341907,12311018.891071066,409608.32645034185,406140.3685007122,458701.7899298378,160000,5000
clone,5000,1,1,0,5000,5000,0,13,30268932.318919156,30890583.132676672,167931.7260020758,161861.62801788375,2853660.1460118983,0,5000
slice,5000,1,1,0,5000,5000,0,13,30219263.921066463,30771132.07974107,168056.98937073466,162489.99249419005,2800833.8931571245,0,5000
rc,5000,1,1,0,5000,5000,0,14,11835257.774292806,11909428.93750735,423257.46755692427,419835.4397714286,476520.4495506178,160000,5000
legacy,5000,1,1,0,5000,5000,0,14,46666.49523970641,46214.436694529475,107189236.63333334,108191396.75,992.1888134000017,5222968730,5000
arc,5000,1,1,0,5000,5000,0,14,11957679.862632897,12005272.173981225,418848.26222330617,416483.7259230769,456200.7721171321,160000,5000
clone,5000,1,1,0,5000,5000,0,14,28740814.53511173,29111382.42959304,175019.7569230094,171754.14978448278,1872515.4509248962,0,5000
slice,5000,1,1,0,5000,5000,0,14,28665904.20480797,29059161.728892423,175523.4834822533,172062.85057471265,1905846.9726412618,0,5000
rc,5000,1,1,0,5000,5000,0,15,11388091.29216819,11418719.60291972,439924.573744034,437877.5174042443,466836.5556339231,160000,5000
legacy,5000,1,1,0,5000,5000,0,15,45351.934573285536,45717.66035302009,110292163.76666667,109366928.0,900.5613834030478,5596037925,5000
arc,5000,1,1,0,5000,5000,0,15,11477881.945605597,11550751.506945748,436624.26367584127,432872.3368347339,499114.26310902886,160000,5000
clone,5000,1,1,0,5000,5000,0,15,24666278.200695943,24991620.704473086,203954.930851225,200067.18233333336,1612320.929179068,0,5000
slice,5000,1,1,0,5000,5000,0,15,24500009.733866647,24840578.558126427,205769.15680177452,201283.5625,1796152.1093591563,0,5000
rc,5000,1,1,0,5000,5000,0,16,11112413.425857302,11194632.189331632,450724.4459854098,446642.8137996219,432609.6708445447,160000,5000
legacy,5000,1,1,0,5000,5000,0,16,41541.29418210432,41040.57898517445,120470295.71666667,121831126.25,1271.0277850874402,5969107120,5000
arc,5000,1,1,0,5000,5000,0,16,11186890.798704725,11228525.494573407,447375.0430585997,445294.4466873706,331995.5927177004,160000,5000
clone,5000,1,1,0,5000,5000,0,16,23535270.523573123,23751221.425951958,213435.97075815266,210515.4932117528,1374420.322013806,0,5000
slice,5000,1,1,0,5000,5000,0,16,22768493.129908834,23143507.96343694,221075.25242149894,216043.31006205673,1545667.6578011876,0,5000
rc,5000,1,1,0,5000,5000,0,17,10898611.585377974,10957784.956462905,459472.2067474096,456297.0936672968,393814.415312737,160000,5000
legacy,5000,1,1,0,5000,5000,0,17,38234.54076622111,38095.303661617334,130808547.58333333,131249775.25,655.9447367360067,6342176315,5000
arc,5000,1,1,0,5000,5000,0,17,10874000.115112152,10972877.560236372,460631.761008414,455668.9954710145,422732.91464980406,160000,5000
clone,5000,1,1,0,5000,5000,0,17,22358048.363701742,22628424.216177095,224994.8984473941,220961.0348251029,1455918.991770149,0,5000
slice,5000,1,1,0,5000,5000,0,17,22255056.16160475,22544336.57600407,226336.42132366315,221785.26106060605,1564703.0541988339,0,5000
rc,5000,1,1,0,5000,5000,0,18,10620176.950656256,10647227.775164742,471526.9542325495,469605.8079545455,390276.01327141083,160000,5000
legacy,5000,1,1,0,5000,5000,0,18,36223.35636990712,35977.8508186783,138086045.13333333,138974397.75,731.948686656089,6715245510,5000
arc,5000,1,1,0,5000,5000,0,18,10655855.005223583,10705611.804722529,470102.7916386801,467046.0996212121,426345.38235003804,160000,5000
clone,5000,1,1,0,5000,5000,0,18,21267478.466014992,21529562.733371075,236848.09159551025,232238.8397009967,1498599.5581415908,0,5000
slice,5000,1,1,0,5000,5000,0,18,21264549.225542124,21486758.819470175,236645.32905892635,232701.46744186047,1414870.470364264,0,5000
rc,5000,1,1,0,5000,5000,0,19,10306027.45355787,10363232.343436025,486020.8126821458,482475.9458041958,401517.63064250676,160000,5000
legacy,5000,1,1,0,5000,5000,0,19,35175.22666997919,35166.85042499403,142226022.76666668,142179380.5,848.4731590529451,7088314705,5000
arc,5000,1,1,0,5000,5000,0,19,10390860.188050058,10483287.687473292,482095.0426265307,476949.6178787879,412789.4100853315,160000,5000
clone,5000,1,1,0,5000,5000,0,19,20389620.6180444,20671555.838940363,246915.6246957261,241878.33095238096,1393149.2368344741,0,5000
slice,5000,1,1,0,5000,5000,0,19,20298705.50104357,20575790.673398055,248163.82104076882,243004.02890129213,1431619.2045252533,0,5000
rc,5000,1,1,0,5000,5000,0,2,16669819.533820596,16459248.791468326,300173.41449200764,303780.8324123589,472624.44731682655,160000,5000
legacy,5000,1,1,0,5000,5000,0,2,377194.1236793356,379338.58994714567,13261461.123732524,13180860.572649572,7869.715881829019,746138390,5000
arc,5000,1,1,0,5000,5000,0,2,16524991.746617407,16530145.270998133,302712.93796185346,302478.42587364325,361447.84004225873,160000,5000
clone,5000,1,1,0,5000,5000,0,2,61266828.4799084,60338222.94165584,82064.60103834857,82866.2125,5114024.89410408,0,5000
slice,5000,1,1,0,5000,5000,0,2,61395145.221718706,59889047.88129008,81952.2716418465,83487.7233504513,5371712.907675537,0,5000
rc,5000,1,1,0,5000,5000,0,20,9962854.272539485,9935956.633348579,502001.0401931326,503222.8095238095,167198.01045494486,160000,5000
legacy,5000,1,1,0,5000,5000,0,20,32103.320303996417,32050.447130862238,155766593.96666667,156004196.5,366.6482444549481,7461383900,5000
arc,5000,1,1,0,5000,5000,0,20,10087427.722785018,10074089.22443186,495741.1299905411,496322.8069727891,126078.44628905128,160000,5000
clone,5000,1,1,0,5000,5000,0,20,19233249.9485238,19165993.67446219,260051.12652016917,260878.876784634,353056.21411647974,0,5000
slice,5000,1,1,0,5000,5000,0,20,18927825.03377429,19133356.185285397,266035.9242114126,261323.79567669175,1318417.881975845,0,5000
rc,5000,1,1,0,5000,5000,0,21,9888115.889623024,9937973.47889227,506566.96869296813,503120.6826471968,387069.81126378966,160000,5000
legacy,5000,1,1,0,5000,5000,0,21,31195.262831170774,31102.6834508482,160349448.1,160757857.5,665.5249193447376,7834453095,5000
arc,5000,1,1,0,5000,5000,0,21,9994228.114422677,10058091.2824101,501290.3232488585,497113.104642484,410370.06918846996,160000,5000
clone,5000,1,1,0,5000,5000,0,21,18787163.744651627,19096149.65296213,268036.42600583856,261832.9356725146,1304372.086379275,0,5000
slice,5000,1,1,0,5000,5000,0,21,18628030.58113433,18871243.265042655,270195.9674524872,264953.4525171625,1254956.4145417884,0,5000
rc,5000,1,1,0,5000,5000,0,22,9799928.360612785,9806903.637662934,510886.2201621368,509845.1359375,339636.44420606946,160000,5000
legacy,5000,1,1,0,5000,5000,0,22,29111.43260052007,29078.094883422535,171804256.73333332,171950972.0,508.9511187919268,8207522290,5000
arc,5000,1,1,0,5000,5000,0,22,9753998.673266206,9804284.632038195,513371.2153809395,509981.8414502165,352388.66978865705,160000,5000
clone,5000,1,1,0,5000,5000,0,22,18146706.504336517,18316011.55111155,277351.61555571185,272985.4761904762,1222193.3743923586,0,5000
slice,5000,1,1,0,5000,5000,0,22,18025358.730534054,18202471.844628092,279336.4892884855,274688.6145752896,1247676.8984197078,0,5000
rc,5000,1,1,0,5000,5000,0,23,9623057.105408141,9695519.433859475,520505.53209284425,515702.81727272726,376107.1306642989,160000,5000
legacy,5000,1,1,0,5000,5000,0,23,27620.637008497048,27377.01477473149,181222618.16666666,182634978.5,945.1039086247931,8580591485,5000
arc,5000,1,1,0,5000,5000,0,23,9535945.0788187,9607378.931624655,525692.601468562,520433.39350649354,440698.23570698855,160000,5000
clone,5000,1,1,0,5000,5000,0,23,17358009.842511073,17564810.91938275,290004.95966970595,284660.0560515873,1185518.997831341,0,5000
slice,5000,1,1,0,5000,5000,0,23,17247172.44130022,17461313.39286939,291818.91592847975,286347.31773809524,1162486.4742723284,0,5000
rc,5000,1,1,0,5000,5000,0,24,9392777.88447541,9417512.09009917,532865.9529999066,530925.8583333334,287117.42849761515,160000,5000
legacy,5000,1,1,0,5000,5000,0,24,26476.732732322474,26393.884368850107,188954318.26666668,189438213.0,651.9172974664511,8953660680,5000
arc,5000,1,1,0,5000,5000,0,24,9418971.111139057,9426340.730116485,531761.433613253,530428.9561956523,367215.0255566345,160000,5000
clone,5000,1,1,0,5000,5000,0,24,16723991.823907148,16956034.68473509,300973.71251342946,294880.42427015246,1142799.781138689,0,5000
slice,5000,1,1,0,5000,5000,0,24,16786099.889627926,16948950.17807296,299769.1280132416,295003.5407239819,1114507.922851034,0,5000
rc,5000,1,1,0,5000,5000,0,25,9225155.73892451,9238058.073364116,542847.8115747789,541239.306321359,345321.09937897616,160000,5000
legacy,5000,1,1,0,5000,5000,0,25,25064.514089072763,24990.93729372014,199530016.93333334,200072532.0,387.20188350815613,9326729875,5000
arc,5000,1,1,0,5000,5000,0,25,9244181.797519416,9298510.995577881,541504.2829746399,537720.6119851258,296654.6961768008,160000,5000
clone,5000,1,1,0,5000,5000,0,25,16243930.759308707,16447860.692940172,309830.02471901465,303990.9015151515,1088913.7332726198,0,5000
slice,5000,1,1,0,5000,5000,0,25,16147492.79451321,16333092.991152298,311667.00057465315,306126.97194472194,1078065.2386660818,0,5000
rc,5000,1,1,0,5000,5000,0,26,9109974.087664427,9154044.662507638,549839.3333084187,546206.6983805669,357922.1452360289,160000,5000
legacy,5000,1,1,0,5000,5000,0,26,24826.24705824496,24640.721011442998,201502700.63333333,202916398.5,579.6202477103654,9699799070,5000
arc,5000,1,1,0,5000,5000,0,26,9138669.713502036,9181793.75305809,547842.3334606222,544555.9167464115,311777.67182603385,160000,5000
clone,5000,1,1,0,5000,5000,0,26,15839575.874905305,15996874.833750298,317464.34882308927,312561.08039215684,1004051.0798697167,0,5000
slice,5000,1,1,0,5000,5000,0,26,15658808.34385161,15850914.895467188,321533.2588037548,315439.20551470586,1073316.4750113187,0,5000
rc,5000,1,1,0,5000,5000,0,27,8872847.549130395,8907370.795288745,563997.3417560933,561333.0190212373,252277.22784460915,160000,5000
legacy,5000,1,1,0,5000,5000,0,27,23556.469192261804,23546.40338220507,212261667.23333332,212346658.0,124.73544515004808,10072868265,5000
arc,5000,1,1,0,5000,5000,0,27,8890447.12755212,8927740.272698166,563075.2550710229,560052.1599516032,293401.33820113644,160000,5000
clone,5000,1,1,0,5000,5000,0,27,15293262.656459525,15510293.792747207,328955.5576068489,322366.6649688738,1009554.1959410509,0,5000
slice,5000,1,1,0,5000,5000,0,27,15269082.800377207,15451924.299394298,329267.72988419974,323584.3108504399,954713.749229815,0,5000
rc,5000,1,1,0,5000,5000,0,28,8688907.989349065,8758772.556799233,576834.7602914127,570856.2564484128,384761.0317046885,160000,5000
legacy,5000,1,1,0,5000,5000,0,28,23229.89446843043,23095.168032652844,215353036.1,216495583.0,546.658075783754,10445937460,5000
arc,5000,1,1,0,5000,5000,0,28,8761681.53382438,8811471.215901405,571806.2815653732,567442.3224206349,357147.4288508267,160000,5000
clone,5000,1,1,0,5000,5000,0,28,14846168.337940142,15036099.497511826,338906.6555250041,332533.07038123166,980722.0278050739,0,5000
slice,5000,1,1,0,5000,5000,0,28,14814818.721803134,14995777.565696273,339887.1600480835,333427.19851190475,1021167.2878861015,0,5000
rc,5000,1,1,0,5000,5000,0,29,8358420.450213025,8414476.246890841,599270.637912173,594214.7820242656,329860.5296329347,160000,5000
legacy,5000,1,1,0,5000,5000,0,29,22358.83319117129,22147.448061943665,223771679.9,225760974.5,584.662480660571,10819006655,5000
arc,5000,1,1,0,5000,5000,0,29,8441244.168504493,8486886.57034329,593152.2445480449,589144.2758730159,295432.26119184535,160000,5000
clone,5000,1,1,0,5000,5000,0,29,14103656.371545374,14230821.980765434,355364.35370766,351350.05201149423,625530.5519453968,0,5000
slice,5000,1,1,0,5000,5000,0,29,13952200.979908317,14057209.020689491,359164.82903598493,355689.4395525452,597620.5257928235,0,5000
rc,5000,1,1,0,5000,5000,0,3,16099333.016755655,15893115.11569073,310855.2281359659,314605.48823863635,498083.15216685884,160000,5000
legacy,5000,1,1,0,5000,5000,0,3,235468.30550551033,237430.25839108013,21250433.386587348,21058859.655462183,6563.006301088795,1119207585,5000
arc,5000,1,1,0,5000,5000,0,3,15811329.363289721,15537792.468448233,316489.0557528463,321796.0473257211,464964.34792134055,160000,5000
clone,5000,1,1,0,5000,5000,0,3,53569345.13334075,51991259.42020954,93775.83175411368,96170.01204710145,4066857.0730819497,0,5000
slice,5000,1,1,0,5000,5000,0,3,54504999.28116292,53300210.976246394,92158.70760589647,93808.33614133051,4007931.3625079677,0,5000
rc,5000,1,1,0,5000,5000,0,30,8323151.719989888,8360506.033286041,601431.6074989386,598049.9511554622,266181.74408596364,160000,5000
legacy,5000,1,1,0,5000,5000,0,30,21442.926084676674,21346.492751207912,233233591.4,234230749.0,343.458313589656,11192075850,5000
arc,5000,1,1,0,5000,5000,0,30,8337476.259958758,8373822.978740739,601061.9397134157,597099.5,362064.587563878,160000,5000
clone,5000,1,1,0,5000,5000,0,30,13636743.935169624,13730771.31757945,367652.9601586794,364145.6357142857,635004.2196521589,0,5000
slice,5000,1,1,0,5000,5000,0,30,13566889.432960331,13682911.33476578,369327.5477745416,365419.5897108844,570777.3406584733,0,5000
rc,5000,1,1,0,5000,5000,0,31,8080923.928614236,8119170.055157558,619618.0927431098,615826.4919786096,284086.5361754011,160000,5000
legacy,5000,1,1,0,5000,5000,0,31,20546.804829445166,20400.134696324927,243452322.66666666,245096432.0,438.9936932364616,11565145045,5000
arc,5000,1,1,0,5000,5000,0,31,8288277.691447064,8269678.987301197,603404.5128501111,604618.3909313725,130150.25041672657,160000,5000
clone,5000,1,1,0,5000,5000,0,31,13247485.525989166,13250495.48108966,377519.51200724114,377344.99359509884,207570.8292056839,0,5000
slice,5000,1,1,0,5000,5000,0,31,13201941.685621953,13176272.58654851,378815.0346454988,379471.0908653846,198524.8056400834,0,5000
rc,5000,1,1,0,5000,5000,0,32,7975480.343084805,8019520.1677458435,628210.5936941246,623478.7094336187,332582.65725088393,160000,5000
legacy,5000,1,1,0,5000,5000,0,32,20224.43711592315,20082.184870014396,247368064.86666667,248976893.5,496.39265664782806,11938214240,5000
arc,5000,1,1,0,5000,5000,0,32,8052895.134796364,8077995.8975123875,621869.9085225832,618966.1397750323,300874.7115791031,160000,5000
clone,5000,1,1,0,5000,5000,0,32,12911611.797444703,13019106.820518546,388280.22015723784,384050.937037037,600556.2803620617,0,5000
slice,5000,1,1,0,5000,5000,0,32,12864429.336348105,12987249.347462531,390092.21831754415,384993.04684095865,679232.2351143488,0,5000
rc,5000,1,1,0,5000,5000,0,33,7898557.158109717,7927634.9388064705,633796.8860251534,630705.1319055005,262279.53125090175,160000,5000
legacy,5000,1,1,0,5000,5000,0,33,19518.088960389083,19442.420257008824,256266001.46666667,257170105.0,380.1937317624039,12311283435,5000
arc,5000,1,1,0,5000,5000,0,33,7918757.529244702,7945822.835953746,632247.8965616253,629263.6007304883,270553.1498345622,160000,5000
clone,5000,1,1,0,5000,5000,0,33,12603032.169211289,12701829.41707458,397836.4242723167,393644.0837912088,597122.2301225269,0,5000
slice,5000,1,1,0,5000,5000,0,33,12523399.811536113,12615822.290219627,400170.52421158424,396327.7211538461,543480.9646614938,0,5000
rc,5000,1,1,0,5000,5000,0,34,7751200.898259275,7750247.60812901,646126.8458279816,645140.7017973857,297090.2961609804,160000,5000
legacy,5000,1,1,0,5000,5000,0,34,18862.452736642826,18789.781702331456,265173754.86666667,266102081.0,371.7125974553075,12684352630,5000
arc,5000,1,1,0,5000,5000,0,34,7730629.459209937,7784895.880763329,647940.673298009,642270.5455827068,306340.02502912167,160000,5000
clone,5000,1,1,0,5000,5000,0,34,12224239.87037592,12346657.013437351,410051.19932425086,404968.123956044,555022.0618572227,0,5000
slice,5000,1,1,0,5000,5000,0,34,12134895.303389313,12240867.045008091,413047.1809336523,408467.80066666665,543374.3378282998,0,5000
rc,5000,1,1,0,5000,5000,0,35,7642025.503807015,7690274.055001649,655471.4836932514,650172.1065830721,302908.44877227605,160000,5000
legacy,5000,1,1,0,5000,5000,0,35,18353.149234092463,18501.877267613083,272715029.1666667,270245811.0,599.9361628986829,13057421825,5000
arc,5000,1,1,0,5000,5000,0,35,7613482.460389861,7669830.586243805,657811.1736743618,651904.8884672619,287968.6448706492,160000,5000
clone,5000,1,1,0,5000,5000,0,35,11969111.219199292,12070632.968179896,418872.2397503912,414228.5338888889,560698.8958089818,0,5000
slice,5000,1,1,0,5000,5000,0,35,11828970.896150276,11942389.198926423,423832.1364953092,418676.697,548803.0058539576,0,5000
rc,5000,1,1,0,5000,5000,0,36,7499317.833843942,7544758.059545873,667660.1119513592,662711.886328125,263258.3095305507,160000,5000
legacy,5000,1,1,0,5000,5000,0,36,17811.771289307642,17634.72963563044,280885822.0,283531430.5,456.353832969764,13430491020,5000
arc,5000,1,1,0,5000,5000,0,36,7543470.614190333,7563437.595361397,663980.9132697018,661075.0868181819,293442.0201639736,160000,5000
clone,5000,1,1,0,5000,5000,0,36,11633331.411459535,11747498.115933424,431156.17444984365,425622.5475,577284.5117638315,0,5000
slice,5000,1,1,0,5000,5000,0,36,11532044.19079293,11636777.460106574,434688.6241903926,429672.22091450216,525216.3542931252,0,5000
rc,5000,1,1,0,5000,5000,0,37,7421855.167699598,7409545.216691947,673919.0255919435,674805.9848484849,142976.7965424058,160000,5000
legacy,5000,1,1,0,5000,5000,0,37,17628.183921279484,17673.774178985404,283827390.1666667,282907589.5,463.8723260634488,13803560215,5000
arc,5000,1,1,0,5000,5000,0,37,7403833.921858334,7355035.938045703,675681.4976365312,679806.3336363636,175393.58867577338,160000,5000
clone,5000,1,1,0,5000,5000,0,37,11242816.802706705,11346155.645985596,445073.3936254183,440688.6485389611,315814.47188922093,0,5000
slice,5000,1,1,0,5000,5000,0,37,11123251.347880278,11143891.755291982,449743.6448523038,448680.57448890817,257562.56893004652,0,5000
rc,5000,1,1,0,5000,5000,0,38,7299778.936894075,7316743.475100738,686137.3688221278,683364.1295833334,285895.73548921954,160000,5000
legacy,5000,1,1,0,5000,5000,0,38,17056.66772005205,16903.320077019955,293297254.46666664,295799885.0,405.3086796753987,14176629410,5000
arc,5000,1,1,0,5000,5000,0,38,7312104.091169529,7311303.496464362,685155.3064829711,683872.9745614035,307725.8312393682,160000,5000
clone,5000,1,1,0,5000,5000,0,38,11128958.065214617,11230293.134772107,450794.4819103909,445224.4166666666,567505.0005668422,0,5000
slice,5000,1,1,0,5000,5000,0,38,11060065.384292211,11136537.942484764,453475.9477971004,448972.56728778465,544353.2549004406,0,5000
rc,5000,1,1,0,5000,5000,0,39,7159305.200595088,7166927.283613351,699025.7456755462,697649.094235589,209227.4657248916,160000,5000
legacy,5000,1,1,0,5000,5000,0,39,16566.406631978578,16421.359433889636,301995871.1333333,304481552.0,418.07535620037294,14549698605,5000
arc,5000,1,1,0,5000,5000,0,39,7157943.453230854,7184624.782447409,699100.9201892533,695931.2066022544,197981.74119892495,160000,5000
clone,5000,1,1,0,5000,5000,0,39,10894767.885554949,10974139.8781022,459997.42122667737,455616.5934782609,474651.8556851328,0,5000
slice,5000,1,1,0,5000,5000,0,39,10823553.39207281,10892455.488151906,463120.0109473201,459033.34756493504,488578.8986090737,0,5000
rc,5000,1,1,0,5000,5000,0,4,15277212.031877924,15009396.957252152,327602.3113049853,333124.6475877193,487173.5771313675,160000,5000
legacy,5000,1,1,0,5000,5000,0,4,176939.72073620168,179181.1596731145,28281157.505555555,27904720.916666664,4998.6809820859935,1492276780,5000
arc,5000,1,1,0,5000,5000,0,4,15244311.054434586,15000139.469038974,328251.92972731375,333330.414624183,440552.149725644,160000,5000
clone,5000,1,1,0,5000,5000,0,4,48304778.058316305,47184760.502237946,103867.69528333937,105966.42058823528,3112187.1727105067,0,5000
slice,5000,1,1,0,5000,5000,0,4,48941005.875508286,47556754.15197435,102607.087684231,105137.70433823529,3543394.1875886563,0,5000
rc,5000,1,1,0,5000,5000,0,40,7038779.044327222,7062912.194419964,710764.1066467214,707923.2874396136,165695.54743899405,160000,5000
legacy,5000,1,1,0,5000,5000,0,40,16272.228068883773,16307.78213690707,307418946.1333333,306602505.0,361.6346772526448,14922767800,5000
arc,5000,1,1,0,5000,5000,0,40,7054070.014432504,7082451.678420934,709328.287672616,705970.3915113872,184987.12185883382,160000,5000
clone,5000,1,1,0,5000,5000,0,40,10636980.67940227,10759551.054413673,472163.9416549296,464703.40638528136,611964.7133621501,0,5000
slice,5000,1,1,0,5000,5000,0,40,10520508.406887917,10586406.09232622,476443.5199187679,472303.87098255276,471916.8110109725,0,5000
rc,5000,1,1,0,5000,5000,0,41,6961670.645829641,6980801.386825146,718473.2297011866,716250.1512820513,129057.99674466137,160000,5000
legacy,5000,1,1,0,5000,5000,0,41,15771.105727470765,15606.839516162327,317202661.26666665,320372366.5,370.80174687360034,15295836995,5000
arc,5000,1,1,0,5000,5000,0,41,6988521.307219942,6958309.972678233,715861.4484886768,718565.2968944099,168789.91523308484,160000,5000
clone,5000,1,1,0,5000,5000,0,41,10357689.280668724,10444228.31745961,484390.6738939212,478733.330008227,532395.0321796989,0,5000
slice,5000,1,1,0,5000,5000,0,41,10260541.985790439,10367824.096625265,488480.0540491782,482261.2863636364,458048.15152244444,0,5000
rc,5000,1,1,0,5000,5000,0,42,6847860.831601116,6836945.728930082,730308.9501246535,731320.71973962,101804.0755681644,160000,5000
legacy,5000,1,1,0,5000,5000,0,42,15756.123377323574,15912.358725068323,317552608.3,314221339.5,416.3624499558658,15668906190,5000
arc,5000,1,1,0,5000,5000,0,42,6907154.484212083,6908319.467537809,724198.5613664548,723765.0380952382,143565.7992507971,160000,5000
clone,5000,1,1,0,5000,5000,0,42,10132570.508072088,10196661.003863825,495201.6841411242,490356.6270743146,530825.5718834085,0,5000
slice,5000,1,1,0,5000,5000,0,42,10089351.549799785,10178566.41861618,496859.9955165376,491228.61791666667,464823.327621136,0,5000
rc,5000,1,1,0,5000,5000,0,43,6688043.520333219,6737047.863884855,748231.4756519292,742164.9603174604,187685.0408637064,160000,5000
legacy,5000,1,1,0,5000,5000,0,43,14980.347118174992,14792.285705439104,334044726.6666667,338014120.5,438.98213777016036,16041975385,5000
arc,5000,1,1,0,5000,5000,0,43,6764233.759831471,6769452.082763165,739716.8089295722,738612.2289377289,176068.21241210864,160000,5000
clone,5000,1,1,0,5000,5000,0,43,9951831.122274945,10032087.672061931,503768.6573179619,498400.7577312534,462586.05847349286,0,5000
slice,5000,1,1,0,5000,5000,0,43,9906478.5539407,9992339.08332403,506114.7191284095,500383.34730113635,466668.45387071284,0,5000
rc,5000,1,1,0,5000,5000,0,44,6704309.219121453,6707813.045998577,746028.7025544031,745399.4289638932,120682.30096052951,160000,5000
legacy,5000,1,1,0,5000,5000,0,44,14730.948509256064,14680.517223635587,339582023.6666667,340587817.0,326.7567242481112,16415044580,5000
arc,5000,1,1,0,5000,5000,0,44,6713927.137429944,6695923.404695046,745120.8691603799,746724.0419372295,158306.62211289085,160000,5000
clone,5000,1,1,0,5000,5000,0,44,9765157.485152738,9857518.999209967,513209.9915110106,507228.0678571429,426860.6984628598,0,5000
slice,5000,1,1,0,5000,5000,0,44,9667963.897848079,9738224.717597196,518526.2423125783,513440.6067118227,442005.15487062006,0,5000
rc,5000,1,1,0,5000,5000,0,45,6670906.599604406,6658030.648372296,749801.1182888262,750972.8229054781,132080.20558795048,160000,5000
legacy,5000,1,1,0,5000,5000,0,45,14484.434821420924,14439.977790960143,345331846.1666667,346260945.0,291.85819593864073,16788113775,5000
arc,5000,1,1,0,5000,5000,0,45,6715619.201331701,6700928.8770070225,744813.2544221514,746165.2098214285,131905.3303056394,160000,5000
clone,5000,1,1,0,5000,5000,0,45,9630098.813686142,9715703.139380265,520377.40668156487,514631.1297619047,414358.39348497154,0,5000
slice,5000,1,1,0,5000,5000,0,45,9589290.309517128,9666221.4168611,522971.6385527628,517265.2064705882,463733.50838654954,0,5000
rc,5000,1,1,0,5000,5000,0,46,6583263.645441264,6596108.069063012,759699.8528377184,758023.3187830688,107580.19837706041,160000,5000
legacy,5000,1,1,0,5000,5000,0,46,14242.784756298372,14259.53138414492,351191010.0,350642888.0,286.8459183089945,17161182970,5000
arc,5000,1,1,0,5000,5000,0,46,6525644.9687192505,6580338.548039237,767073.6095033614,759841.044950739,213682.51816957942,160000,5000
clone,5000,1,1,0,5000,5000,0,46,9471054.85134406,9536133.290957889,529769.4477875612,524322.3409848486,493145.12213311775,0,5000
slice,5000,1,1,0,5000,5000,0,46,9382432.66124467,9470982.940145802,534127.299496057,527928.3742690058,408359.6938055087,0,5000
rc,5000,1,1,0,5000,5000,0,47,6480841.67108899,6494312.57417036,771934.2754370981,769904.6208545918,151834.68882572846,160000,5000
legacy,5000,1,1,0,5000,5000,0,47,13945.831001779132,13886.851120485408,358656736.2,360054124.5,267.63026234557634,17534252165,5000
arc,5000,1,1,0,5000,5000,0,47,6503174.972032356,6474058.071603363,769015.3960410738,772313.1221804512,96328.48073669619,160000,5000
clone,5000,1,1,0,5000,5000,0,47,9248294.851362174,9338987.159811229,542058.1053462568,535389.9655502392,424990.8378124119,0,5000
slice,5000,1,1,0,5000,5000,0,47,9182960.571386838,9244122.790494174,545968.2136374068,540885.6343609022,428590.9151326211,0,5000
rc,5000,1,1,0,5000,5000,0,48,6352149.111106517,6364624.707588827,787630.2191072601,785592.2841469428,154153.13591560273,160000,5000
legacy,5000,1,1,0,5000,5000,0,48,13694.582355999533,13662.778564660557,365217216.6,365957871.5,241.90366120564485,17907321360,5000
arc,5000,1,1,0,5000,5000,0,48,6345844.162275655,6382064.402497256,788523.7387766183,783445.8228021979,167994.4021017403,160000,5000
clone,5000,1,1,0,5000,5000,0,48,9151328.081368955,9159303.554011948,546440.8456894477,545893.085652834,106594.50917675777,0,5000
slice,5000,1,1,0,5000,5000,0,48,9060694.686860666,9102116.947879154,552004.2182302799,549322.7596153846,158849.46253347726,0,5000
rc,5000,1,1,0,5000,5000,0,49,6281624.24180425,6308158.08819322,796590.1077120799,792624.7241025642,167708.30879279395,160000,5000
legacy,5000,1,1,0,5000,5000,0,49,13207.22299472159,13081.264825011409,378821510.6333333,382226849.5,341.4676359810759,18280390555,5000
arc,5000,1,1,0,5000,5000,0,49,6270657.175592184,6304194.196986586,797719.6202724174,793123.346745562,128986.6367223696,160000,5000
clone,5000,1,1,0,5000,5000,0,49,8891268.149530996,8983017.92855426,563681.5821714998,556605.8958333333,391038.34950034454,0,5000
slice,5000,1,1,0,5000,5000,0,49,8847485.843766194,8927716.045806168,566471.7727323368,560054.034382832,391180.44179530675,0,5000
rc,5000,1,1,0,5000,5000,0,5,14820764.70072725,14594995.207099438,337690.56861999526,342583.27539473685,471222.0933175313,160000,5000
legacy,5000,1,1,0,5000,5000,0,5,132055.39027058874,131040.34857449359,37905505.513333336,38156423.400000006,4522.352919705023,1865345975,5000
arc,5000,1,1,0,5000,5000,0,5,14903676.544219092,14672096.137558382,335782.1158979244,340783.25874183,452339.45727511024,160000,5000
clone,5000,1,1,0,5000,5000,0,5,45777518.815744966,44457433.0678001,109657.19204898851,112467.1403292839,3115992.5617856407,0,5000
slice,5000,1,1,0,5000,5000,0,5,51323855.09267327,51179675.332630895,97511.9498816065,97695.03220485519,1601388.7672840618,0,5000
rc,5000,1,1,0,5000,5000,0,50,6144881.384889665,6159524.626106221,814090.7824575991,811750.9555860807,134114.31893303938,160000,5000
legacy,5000,1,1,0,5000,5000,0,50,12904.381098679703,12801.82982521954,387619611.1333333,390569201.5,264.3769367237062,18653459750,5000
arc,5000,1,1,0,5000,5000,0,50,6136306.297180421,6179414.675259962,815482.061342448,809138.1782051282,167345.80049887806,160000,5000
clone,5000,1,1,0,5000,5000,0,50,8707788.49948824,8804668.81420513,575827.9996727494,567880.7945150232,417707.16509283124,0,5000
slice,5000,1,1,0,5000,5000,0,50,8642287.906646749,8701148.227995405,580360.3420504757,574636.8454545455,428475.8220233667,0,5000
rc,5000,1,1,0,5000,5000,0,6,14361391.3455006,14139443.972847298,348387.5931705929,353620.6948938992,379938.31202726153,160000,5000
legacy,5000,1,1,0,5000,5000,0,6,109459.77845373513,108704.24197148849,45694596.25833333,45996372.25,2102.7443278448595,2238415170,5000
arc,5000,1,1,0,5000,5000,0,6,14561931.915441986,14677843.31130169,344752.1159312661,340649.5290322581,826957.1809330207,160000,5000
clone,5000,1,1,0,5000,5000,0,6,48446071.507387385,49424803.30741109,105121.06382385443,101163.97635038327,4758213.112182431,0,5000
slice,5000,1,1,0,5000,5000,0,6,42404855.13675396,41191196.96484289,118395.70370484279,121385.19571428571,2916487.566595075,0,5000
rc,5000,1,1,0,5000,5000,0,7,14036193.473758593,13934752.169289436,356555.8329333029,358819.02463942306,439077.45348783245,160000,5000
legacy,5000,1,1,0,5000,5000,0,7,96977.41999612127,98028.57253450615,51595044.525,51005554.125,2584.8676416842422,2611484365,5000
arc,5000,1,1,0,5000,5000,0,7,14053631.10456151,13935855.820921289,356022.8556193021,358787.2363945578,377106.77588144416,160000,5000
clone,5000,1,1,0,5000,5000,0,7,40156595.41927299,39150409.4060717,126344.12714890695,127714.07206196582,4150926.959950369,0,5000
slice,5000,1,1,0,5000,5000,0,7,39305282.855564155,38498029.47806704,127646.30164971364,129876.82695199538,2478640.4764414015,0,5000
rc,5000,1,1,0,5000,5000,0,8,13838583.552091572,13919806.420089923,361857.5063647594,359200.79706698377,505051.7440743257,160000,5000
legacy,5000,1,1,0,5000,5000,0,8,83699.62357729735,83121.87305761126,59780525.47777778,60152648.83333333,2290.156432007837,2984553560,5000
arc,5000,1,1,0,5000,5000,0,8,13884755.922319204,13939789.952578437,360815.08581490285,358685.46880131366,568951.8811462522,160000,5000
clone,5000,1,1,0,5000,5000,0,8,40660548.382704176,40526994.70245783,123037.3056121685,123375.17833092832,974392.0653509973,0,5000
slice,5000,1,1,0,5000,5000,0,8,40745707.2458652,41350114.94754973,124691.4836960679,120918.64814814815,3866095.3937002905,0,5000
rc,5000,1,1,0,5000,5000,0,9,13562497.739969866,13649185.867613435,369402.8986361496,366322.3038793103,554804.5779234953,160000,5000
legacy,5000,1,1,0,5000,5000,0,9,75544.55361443537,75748.66980702605,66198400.5,66007774.83333333,1040.178254879055,3357622755,5000
arc,5000,1,1,0,5000,5000,0,9,13564989.975972889,13635047.012797188,369416.2161390215,366702.0745073892,585663.2763258158,160000,5000
clone,5000,1,1,0,5000,5000,0,9,38670935.00394594,39400185.781089306,131664.92273880105,126902.95941558442,3771503.406607353,0,5000
slice,5000,1,1,0,5000,5000,0,9,36057320.99154448,35578375.369716436,139176.28000724505,140534.97126984128,2231260.732921671,0,5000
